{
  "curves": {
    "10": {
      "0.0": {
        "ls": 0.7197320461273193,
        "lmmse": 0.09869056940078735,
        "model": 0.20929963886737823
      },
      "5.0": {
        "ls": 0.2384347766637802,
        "lmmse": 0.04684938117861748,
        "model": 0.08284375071525574
      },
      "10.0": {
        "ls": 0.08038075268268585,
        "lmmse": 0.020775029435753822,
        "model": 0.03654025122523308
      },
      "15.0": {
        "ls": 0.023200007155537605,
        "lmmse": 0.006562002468854189,
        "model": 0.014137272723019123
      },
      "20.0": {
        "ls": 0.00851415004581213,
        "lmmse": 0.0024824272841215134,
        "model": 0.007941896095871925
      },
      "25.0": {
        "ls": 0.003616657108068466,
        "lmmse": 0.0008957211975939572,
        "model": 0.005377055611461401
      }
    },
    "1600": {
      "0.0": {
        "ls": 0.9825434684753418,
        "lmmse": 0.33624503016471863,
        "model": 0.4484027624130249
      },
      "5.0": {
        "ls": 0.4983057677745819,
        "lmmse": 0.2662580907344818,
        "model": 0.30506157875061035
      },
      "10.0": {
        "ls": 0.3267225921154022,
        "lmmse": 0.23761391639709473,
        "model": 0.24975743889808655
      },
      "15.0": {
        "ls": 0.2805882394313812,
        "lmmse": 0.2115117609500885,
        "model": 0.2215793877840042
      },
      "20.0": {
        "ls": 0.26059624552726746,
        "lmmse": 0.20994773507118225,
        "model": 0.21816417574882507
      },
      "25.0": {
        "ls": 0.2602207362651825,
        "lmmse": 0.2079242765903473,
        "model": 0.21819494664669037
      }
    }
  },
  "gap_db_high_doppler": -1.9605871793001053,
  "n_per_cell": 200,
  "seed": 2
}